{"cameraMode":{"drawMode":0,"name":"Shaded","section":"Shading Mode"},"sceneLighting":false,"audioPlay":false,"sceneViewState":{"showFog":true,"showMaterialUpdate":false,"showSkybox":true,"showFlares":true,"showImageEffects":true,"showParticleSystems":true},"in2DMode":false,"pivot":{"x":-0.5162898302078247,"y":-0.9368078708648682,"z":2.960689067840576},"rotation":{"x":0.22296760976314546,"y":-0.11664708703756333,"z":0.02688157930970192,"w":0.9674687385559082},"size":7.569285869598389,"orthographic":false}