{"cameraMode":{"drawMode":0,"name":"Shaded","section":"Shading Mode"},"sceneLighting":false,"audioPlay":false,"sceneViewState":{"showFog":true,"showMaterialUpdate":false,"showSkybox":true,"showFlares":true,"showImageEffects":true,"showParticleSystems":true},"in2DMode":false,"pivot":{"x":2.03944993019104,"y":0.20045551657676698,"z":1.3682680130004883},"rotation":{"x":0.3081643283367157,"y":0.05533571541309357,"z":-0.01795957051217556,"w":0.9495635628700256},"size":7.569285869598389,"orthographic":false}