{"cameraMode":{"drawMode":0,"name":"Shaded","section":"Shading Mode"},"sceneLighting":false,"audioPlay":false,"sceneViewState":{"showFog":true,"showMaterialUpdate":false,"showSkybox":true,"showFlares":true,"showImageEffects":true,"showParticleSystems":true},"in2DMode":false,"pivot":{"x":-0.01114179752767086,"y":1.092146396636963,"z":-0.14070822298526765},"rotation":{"x":0.09051778167486191,"y":0.21149107813835145,"z":-0.01946154609322548,"w":0.9730818271636963},"size":1.4366438388824463,"orthographic":false}