{"cameraMode":{"drawMode":0,"name":"Shaded","section":"Shading Mode"},"sceneLighting":false,"audioPlay":false,"sceneViewState":{"showFog":true,"showMaterialUpdate":false,"showSkybox":true,"showFlares":true,"showImageEffects":true,"showParticleSystems":true},"in2DMode":false,"pivot":{"x":21.218647003173829,"y":12.308886528015137,"z":-52.363739013671878},"rotation":{"x":-0.46195754408836367,"y":0.2756297290325165,"z":0.153953418135643,"w":0.8290002346038818},"size":3.187635660171509,"orthographic":false}