{"cameraMode":{"drawMode":0,"name":"Shaded","section":"Shading Mode"},"sceneLighting":false,"audioPlay":false,"sceneViewState":{"showFog":true,"showMaterialUpdate":false,"showSkybox":true,"showFlares":true,"showImageEffects":true,"showParticleSystems":true},"in2DMode":false,"pivot":{"x":-0.6691547632217407,"y":3.7899508476257326,"z":2.0309224128723146},"rotation":{"x":-0.2643550932407379,"y":-0.35964471101760867,"z":0.10705669969320297,"w":-0.888492226600647},"size":1.7366437911987305,"orthographic":false}