{"cameraMode":{"drawMode":0,"name":"Shaded","section":"Shading Mode"},"sceneLighting":false,"audioPlay":false,"sceneViewState":{"showFog":true,"showMaterialUpdate":false,"showSkybox":true,"showFlares":true,"showImageEffects":true,"showParticleSystems":true},"in2DMode":false,"pivot":{"x":-1.408504605293274,"y":1.4850131273269654,"z":4.597690582275391},"rotation":{"x":0.1347610056400299,"y":0.42516034841537478,"z":-0.06394894421100617,"w":0.8928402662277222},"size":1.4366438388824463,"orthographic":false}