{"cameraMode":{"drawMode":0,"name":"Shaded","section":"Shading Mode"},"sceneLighting":false,"audioPlay":false,"sceneViewState":{"showFog":true,"showMaterialUpdate":false,"showSkybox":true,"showFlares":true,"showImageEffects":true,"showParticleSystems":true},"in2DMode":false,"pivot":{"x":-0.9943410754203796,"y":-0.521260678768158,"z":0.5715129971504211},"rotation":{"x":0.10813218355178833,"y":0.06974835693836212,"z":-0.007594541180878878,"w":0.9916819334030151},"size":7.569285869598389,"orthographic":false}