{"cameraMode":{"drawMode":0,"name":"Shaded","section":"Shading Mode"},"sceneLighting":false,"audioPlay":false,"sceneViewState":{"showFog":true,"showMaterialUpdate":false,"showSkybox":true,"showFlares":true,"showImageEffects":true,"showParticleSystems":true},"in2DMode":false,"pivot":{"x":2.629331350326538,"y":0.1365874707698822,"z":1.823958396911621},"rotation":{"x":0.2432924211025238,"y":0.4352976381778717,"z":-0.12343266606330872,"w":0.8579796552658081},"size":7.269285678863525,"orthographic":false}