{"cameraMode":{"drawMode":0,"name":"Shaded","section":"Shading Mode"},"sceneLighting":false,"audioPlay":false,"sceneViewState":{"showFog":true,"showMaterialUpdate":false,"showSkybox":true,"showFlares":true,"showImageEffects":true,"showParticleSystems":true},"in2DMode":false,"pivot":{"x":-2.1332340240478517,"y":3.2744927406311037,"z":3.419058322906494},"rotation":{"x":0.05938016250729561,"y":0.14304125308990479,"z":-0.00845418218523264,"w":0.9879793524742127},"size":1.4366438388824463,"orthographic":false}