{"cameraMode":{"drawMode":0,"name":"Shaded","section":"Shading Mode"},"sceneLighting":false,"audioPlay":false,"sceneViewState":{"showFog":true,"showMaterialUpdate":false,"showSkybox":true,"showFlares":true,"showImageEffects":true,"showParticleSystems":true},"in2DMode":false,"pivot":{"x":-2.6285977363586427,"y":6.453734397888184,"z":26.52501678466797},"rotation":{"x":-0.013383815996348858,"y":0.10794711112976074,"z":0.0017184574389830232,"w":0.9942371845245361},"size":3.187635660171509,"orthographic":false}