{"cameraMode":{"drawMode":0,"name":"Shaded","section":"Shading Mode"},"sceneLighting":false,"audioPlay":false,"sceneViewState":{"showFog":true,"showMaterialUpdate":false,"showSkybox":true,"showFlares":true,"showImageEffects":true,"showParticleSystems":true},"in2DMode":false,"pivot":{"x":-0.8060245513916016,"y":1.3134500980377198,"z":-0.47374725341796877},"rotation":{"x":0.18552526831626893,"y":0.32606223225593569,"z":-0.06542198359966278,"w":0.9246754050254822},"size":7.269285678863525,"orthographic":false}