{"cameraMode":{"drawMode":0,"name":"Shaded","section":"Shading Mode"},"sceneLighting":false,"audioPlay":false,"sceneViewState":{"showFog":true,"showMaterialUpdate":false,"showSkybox":true,"showFlares":true,"showImageEffects":true,"showParticleSystems":true},"in2DMode":false,"pivot":{"x":-1.232073187828064,"y":-1.3197579383850098,"z":-5.0920090675354},"rotation":{"x":0.021602367982268335,"y":-0.9780986309051514,"z":0.1331591159105301,"w":0.15864479541778565},"size":7.569285869598389,"orthographic":false}