{"cameraMode":{"drawMode":0,"name":"Shaded","section":"Shading Mode"},"sceneLighting":false,"audioPlay":false,"sceneViewState":{"showFog":true,"showMaterialUpdate":false,"showSkybox":true,"showFlares":true,"showImageEffects":true,"showParticleSystems":true},"in2DMode":false,"pivot":{"x":-1.1481047868728638,"y":1.2933425903320313,"z":-0.2261417806148529},"rotation":{"x":0.18889516592025758,"y":0.2966882586479187,"z":-0.059991586953401569,"w":0.934203565120697},"size":7.269285678863525,"orthographic":false}