{"cameraMode":{"drawMode":0,"name":"Shaded","section":"Shading Mode"},"sceneLighting":false,"audioPlay":false,"sceneViewState":{"showFog":true,"showMaterialUpdate":false,"showSkybox":true,"showFlares":true,"showImageEffects":true,"showParticleSystems":true},"in2DMode":false,"pivot":{"x":-0.09645356982946396,"y":5.944711208343506,"z":2.473332643508911},"rotation":{"x":0.04798045754432678,"y":0.028239767998456956,"z":-0.0011991006322205067,"w":0.9985260963439941},"size":1.4366438388824463,"orthographic":false}